GROUP,PACKAGE,CLASS,INSTRUCTION_MISSED,INSTRUCTION_COVERED,BRANCH_MISSED,BRANCH_COVERED,LINE_MISSED,LINE_COVERED,COMPLEXITY_MISSED,COMPLEXITY_COVERED,METHOD_MISSED,METHOD_COVERED
com.cast-info.devops:robotest-core,com.castinfo.devops.robotest.docker,DockerFarmBuilder,593,191,51,7,156,59,36,10,7,10
com.cast-info.devops:robotest-core,com.castinfo.devops.robotest.docker,DockerBasicImagePullResultCallback,0,15,0,0,0,5,0,3,0,3
com.cast-info.devops:robotest-core,com.castinfo.devops.robotest.docker,DockerContainerCallback,0,38,0,2,0,14,0,6,0,5
com.cast-info.devops:robotest-core,com.castinfo.devops.robotest.restassured,RestAssuredHttpClientConfig.new DefaultProxyRoutePlanner() {...},24,0,2,0,2,0,3,0,2,0
com.cast-info.devops:robotest-core,com.castinfo.devops.robotest.restassured,RestAssuredWrapper,321,122,19,3,89,31,27,8,17,7
com.cast-info.devops:robotest-core,com.castinfo.devops.robotest.restassured,RestAssuredHttpClientConfig,17,100,3,3,4,30,3,6,0,6
com.cast-info.devops:robotest-core,com.castinfo.devops.robotest.config,RobotestHttpConnConfig,61,116,4,0,13,40,4,21,2,21
com.cast-info.devops:robotest-core,com.castinfo.devops.robotest.config,RobotestBasicConfig,0,125,0,4,0,41,0,18,0,16
com.cast-info.devops:robotest-core,com.castinfo.devops.robotest.config,BrowserStackConfig,0,93,0,4,0,31,0,14,0,12
com.cast-info.devops:robotest-core,com.castinfo.devops.robotest.config,RobotestBrowserConfig,48,89,4,0,12,33,3,15,1,15
com.cast-info.devops:robotest-core,com.castinfo.devops.robotest.config,DockerConfig,4,359,0,4,2,119,1,43,1,41
com.cast-info.devops:robotest-core,com.castinfo.devops.robotest.config,ConfigurationEntry,0,10,0,0,0,4,0,3,0,3
com.cast-info.devops:robotest-core,com.castinfo.devops.robotest.config,ConfigurationAccess,91,12,4,0,24,4,11,3,9,3
com.cast-info.devops:robotest-core,com.castinfo.devops.robotest.config,RobotestConfiguration,210,790,25,33,49,235,17,30,1,17
com.cast-info.devops:robotest-core,com.castinfo.devops.robotest.selenium,SeleniumDriverFactory,193,777,21,45,59,216,19,40,3,23
com.cast-info.devops:robotest-core,com.castinfo.devops.robotest.selenium,SeleniumBrowserResourcesWrapper,277,202,25,7,85,69,22,16,7,15
com.cast-info.devops:robotest-core,com.castinfo.devops.robotest.selenium,SeleniumElementsWrapper,90,328,15,13,21,117,14,22,2,20
com.cast-info.devops:robotest-core,com.castinfo.devops.robotest.selenium,SeleniumBrowser,0,64,0,0,0,7,0,1,0,1
com.cast-info.devops:robotest-core,com.castinfo.devops.robotest.report,SuiteReport,49,425,9,29,20,111,21,23,12,13
com.cast-info.devops:robotest-core,com.castinfo.devops.robotest.report,ValidationEntry,51,390,14,28,15,92,14,30,2,21
com.cast-info.devops:robotest-core,com.castinfo.devops.robotest.report,SuiteListMapper,0,15,0,0,0,5,0,3,0,3
com.cast-info.devops:robotest-core,com.castinfo.devops.robotest.report,ValidationType,0,44,0,0,0,5,0,1,0,1
com.cast-info.devops:robotest-core,com.castinfo.devops.robotest.report,SuitesListReport,49,58,0,0,18,16,8,3,8,3
com.cast-info.devops:robotest-core,com.castinfo.devops.robotest.report,CaseReport,69,168,5,7,27,50,17,10,14,7
com.cast-info.devops:robotest-core,com.castinfo.devops.robotest.report,ConfigEntry,0,23,0,0,0,10,0,5,0,5
com.cast-info.devops:robotest-core,com.castinfo.devops.robotest.report,StepReport,46,127,0,2,20,39,13,9,13,8
com.cast-info.devops:robotest-core,com.castinfo.devops.robotest.report,ConfigReport,14,121,0,8,6,38,4,7,4,3
com.cast-info.devops:robotest-core,com.castinfo.devops.robotest.junit,JUnitCaseRunner,24,0,0,0,8,0,2,0,2,0
com.cast-info.devops:robotest-core,com.castinfo.devops.robotest.junit,JUnitCaseListener,20,65,4,4,9,23,4,8,0,8
com.cast-info.devops:robotest-core,com.castinfo.devops.robotest.testng,TestNGCaseListener,109,0,8,0,45,0,15,0,11,0
com.cast-info.devops:robotest-core,com.castinfo.devops.robotest,PageObject,125,243,9,5,34,74,11,20,4,20
com.cast-info.devops:robotest-core,com.castinfo.devops.robotest,StepStatus,0,64,0,0,0,7,0,1,0,1
com.cast-info.devops:robotest-core,com.castinfo.devops.robotest,StepInterceptor,188,46,18,4,57,16,12,3,1,3
com.cast-info.devops:robotest-core,com.castinfo.devops.robotest,TestCase,28,292,3,27,8,53,3,20,1,7
com.cast-info.devops:robotest-core,com.castinfo.devops.robotest,SuiteContext,258,311,14,8,78,91,16,14,6,13
com.cast-info.devops:robotest-core,com.castinfo.devops.robotest,TestContext,5,33,1,1,1,13,1,8,0,8
com.cast-info.devops:robotest-core,com.castinfo.devops.robotest,RobotestException,0,9,0,0,0,4,0,2,0,2
com.cast-info.devops:robotest-core,com.castinfo.devops.robotest,RobotestExecutionContext,173,532,16,34,45,113,14,26,2,13
